<?xml version="1.0" encoding="UTF-8"?>
<project name="maven-dependencies" default="init-dependencies">
<target name="init-dependencies">
    <echo level="info" message="Loading dependency paths from file: /home/pgaref/workspace/cassandra-trunk/build/build-dependencies.xml"/>
    <property name="junit:junit:jar" value="/home/pgaref/.m2/repository/junit/junit/4.6/junit-4.6.jar"/>
    <fileset id="junit:junit:jar" dir="/home/pgaref/.m2/repository/junit/junit/4.6">
      <include name="junit-4.6.jar"/>
    </fileset>
    <property name="commons-logging:commons-logging:jar" value="/home/pgaref/.m2/repository/commons-logging/commons-logging/1.1.1/commons-logging-1.1.1.jar"/>
    <fileset id="commons-logging:commons-logging:jar" dir="/home/pgaref/.m2/repository/commons-logging/commons-logging/1.1.1">
      <include name="commons-logging-1.1.1.jar"/>
    </fileset>
    <property name="org.apache.rat:apache-rat:jar" value="/home/pgaref/.m2/repository/org/apache/rat/apache-rat/0.10/apache-rat-0.10.jar"/>
    <fileset id="org.apache.rat:apache-rat:jar" dir="/home/pgaref/.m2/repository/org/apache/rat/apache-rat/0.10">
      <include name="apache-rat-0.10.jar"/>
    </fileset>
    <property name="org.apache.rat:apache-rat-core:jar" value="/home/pgaref/.m2/repository/org/apache/rat/apache-rat-core/0.10/apache-rat-core-0.10.jar"/>
    <fileset id="org.apache.rat:apache-rat-core:jar" dir="/home/pgaref/.m2/repository/org/apache/rat/apache-rat-core/0.10">
      <include name="apache-rat-core-0.10.jar"/>
    </fileset>
    <property name="commons-collections:commons-collections:jar" value="/home/pgaref/.m2/repository/commons-collections/commons-collections/3.2.1/commons-collections-3.2.1.jar"/>
    <fileset id="commons-collections:commons-collections:jar" dir="/home/pgaref/.m2/repository/commons-collections/commons-collections/3.2.1">
      <include name="commons-collections-3.2.1.jar"/>
    </fileset>
    <property name="commons-io:commons-io:jar" value="/home/pgaref/.m2/repository/commons-io/commons-io/2.2/commons-io-2.2.jar"/>
    <fileset id="commons-io:commons-io:jar" dir="/home/pgaref/.m2/repository/commons-io/commons-io/2.2">
      <include name="commons-io-2.2.jar"/>
    </fileset>
    <property name="org.apache.commons:commons-compress:jar" value="/home/pgaref/.m2/repository/org/apache/commons/commons-compress/1.5/commons-compress-1.5.jar"/>
    <fileset id="org.apache.commons:commons-compress:jar" dir="/home/pgaref/.m2/repository/org/apache/commons/commons-compress/1.5">
      <include name="commons-compress-1.5.jar"/>
    </fileset>
    <property name="commons-cli:commons-cli:jar" value="/home/pgaref/.m2/repository/commons-cli/commons-cli/1.2/commons-cli-1.2.jar"/>
    <fileset id="commons-cli:commons-cli:jar" dir="/home/pgaref/.m2/repository/commons-cli/commons-cli/1.2">
      <include name="commons-cli-1.2.jar"/>
    </fileset>
    <property name="org.apache.rat:apache-rat-tasks:jar" value="/home/pgaref/.m2/repository/org/apache/rat/apache-rat-tasks/0.10/apache-rat-tasks-0.10.jar"/>
    <fileset id="org.apache.rat:apache-rat-tasks:jar" dir="/home/pgaref/.m2/repository/org/apache/rat/apache-rat-tasks/0.10">
      <include name="apache-rat-tasks-0.10.jar"/>
    </fileset>
    <property name="org.apache.hadoop:hadoop-core:jar" value="/home/pgaref/.m2/repository/org/apache/hadoop/hadoop-core/1.0.3/hadoop-core-1.0.3.jar"/>
    <fileset id="org.apache.hadoop:hadoop-core:jar" dir="/home/pgaref/.m2/repository/org/apache/hadoop/hadoop-core/1.0.3">
      <include name="hadoop-core-1.0.3.jar"/>
    </fileset>
    <property name="xmlenc:xmlenc:jar" value="/home/pgaref/.m2/repository/xmlenc/xmlenc/0.52/xmlenc-0.52.jar"/>
    <fileset id="xmlenc:xmlenc:jar" dir="/home/pgaref/.m2/repository/xmlenc/xmlenc/0.52">
      <include name="xmlenc-0.52.jar"/>
    </fileset>
    <property name="commons-httpclient:commons-httpclient:jar" value="/home/pgaref/.m2/repository/commons-httpclient/commons-httpclient/3.0.1/commons-httpclient-3.0.1.jar"/>
    <fileset id="commons-httpclient:commons-httpclient:jar" dir="/home/pgaref/.m2/repository/commons-httpclient/commons-httpclient/3.0.1">
      <include name="commons-httpclient-3.0.1.jar"/>
    </fileset>
    <property name="commons-codec:commons-codec:jar" value="/home/pgaref/.m2/repository/commons-codec/commons-codec/1.4/commons-codec-1.4.jar"/>
    <fileset id="commons-codec:commons-codec:jar" dir="/home/pgaref/.m2/repository/commons-codec/commons-codec/1.4">
      <include name="commons-codec-1.4.jar"/>
    </fileset>
    <property name="org.apache.commons:commons-math:jar" value="/home/pgaref/.m2/repository/org/apache/commons/commons-math/2.1/commons-math-2.1.jar"/>
    <fileset id="org.apache.commons:commons-math:jar" dir="/home/pgaref/.m2/repository/org/apache/commons/commons-math/2.1">
      <include name="commons-math-2.1.jar"/>
    </fileset>
    <property name="commons-configuration:commons-configuration:jar" value="/home/pgaref/.m2/repository/commons-configuration/commons-configuration/1.6/commons-configuration-1.6.jar"/>
    <fileset id="commons-configuration:commons-configuration:jar" dir="/home/pgaref/.m2/repository/commons-configuration/commons-configuration/1.6">
      <include name="commons-configuration-1.6.jar"/>
    </fileset>
    <property name="commons-lang:commons-lang:jar" value="/home/pgaref/.m2/repository/commons-lang/commons-lang/2.4/commons-lang-2.4.jar"/>
    <fileset id="commons-lang:commons-lang:jar" dir="/home/pgaref/.m2/repository/commons-lang/commons-lang/2.4">
      <include name="commons-lang-2.4.jar"/>
    </fileset>
    <property name="commons-digester:commons-digester:jar" value="/home/pgaref/.m2/repository/commons-digester/commons-digester/1.8/commons-digester-1.8.jar"/>
    <fileset id="commons-digester:commons-digester:jar" dir="/home/pgaref/.m2/repository/commons-digester/commons-digester/1.8">
      <include name="commons-digester-1.8.jar"/>
    </fileset>
    <property name="commons-beanutils:commons-beanutils:jar" value="/home/pgaref/.m2/repository/commons-beanutils/commons-beanutils/1.7.0/commons-beanutils-1.7.0.jar"/>
    <fileset id="commons-beanutils:commons-beanutils:jar" dir="/home/pgaref/.m2/repository/commons-beanutils/commons-beanutils/1.7.0">
      <include name="commons-beanutils-1.7.0.jar"/>
    </fileset>
    <property name="commons-beanutils:commons-beanutils-core:jar" value="/home/pgaref/.m2/repository/commons-beanutils/commons-beanutils-core/1.8.0/commons-beanutils-core-1.8.0.jar"/>
    <fileset id="commons-beanutils:commons-beanutils-core:jar" dir="/home/pgaref/.m2/repository/commons-beanutils/commons-beanutils-core/1.8.0">
      <include name="commons-beanutils-core-1.8.0.jar"/>
    </fileset>
    <property name="commons-net:commons-net:jar" value="/home/pgaref/.m2/repository/commons-net/commons-net/1.4.1/commons-net-1.4.1.jar"/>
    <fileset id="commons-net:commons-net:jar" dir="/home/pgaref/.m2/repository/commons-net/commons-net/1.4.1">
      <include name="commons-net-1.4.1.jar"/>
    </fileset>
    <property name="oro:oro:jar" value="/home/pgaref/.m2/repository/oro/oro/2.0.8/oro-2.0.8.jar"/>
    <fileset id="oro:oro:jar" dir="/home/pgaref/.m2/repository/oro/oro/2.0.8">
      <include name="oro-2.0.8.jar"/>
    </fileset>
    <property name="org.mortbay.jetty:jetty:jar" value="/home/pgaref/.m2/repository/org/mortbay/jetty/jetty/6.1.26/jetty-6.1.26.jar"/>
    <fileset id="org.mortbay.jetty:jetty:jar" dir="/home/pgaref/.m2/repository/org/mortbay/jetty/jetty/6.1.26">
      <include name="jetty-6.1.26.jar"/>
    </fileset>
    <property name="org.mortbay.jetty:jetty-util:jar" value="/home/pgaref/.m2/repository/org/mortbay/jetty/jetty-util/6.1.26/jetty-util-6.1.26.jar"/>
    <fileset id="org.mortbay.jetty:jetty-util:jar" dir="/home/pgaref/.m2/repository/org/mortbay/jetty/jetty-util/6.1.26">
      <include name="jetty-util-6.1.26.jar"/>
    </fileset>
    <property name="tomcat:jasper-runtime:jar" value="/home/pgaref/.m2/repository/tomcat/jasper-runtime/5.5.12/jasper-runtime-5.5.12.jar"/>
    <fileset id="tomcat:jasper-runtime:jar" dir="/home/pgaref/.m2/repository/tomcat/jasper-runtime/5.5.12">
      <include name="jasper-runtime-5.5.12.jar"/>
    </fileset>
    <property name="tomcat:jasper-compiler:jar" value="/home/pgaref/.m2/repository/tomcat/jasper-compiler/5.5.12/jasper-compiler-5.5.12.jar"/>
    <fileset id="tomcat:jasper-compiler:jar" dir="/home/pgaref/.m2/repository/tomcat/jasper-compiler/5.5.12">
      <include name="jasper-compiler-5.5.12.jar"/>
    </fileset>
    <property name="org.mortbay.jetty:jsp-api-2.1:jar" value="/home/pgaref/.m2/repository/org/mortbay/jetty/jsp-api-2.1/6.1.14/jsp-api-2.1-6.1.14.jar"/>
    <fileset id="org.mortbay.jetty:jsp-api-2.1:jar" dir="/home/pgaref/.m2/repository/org/mortbay/jetty/jsp-api-2.1/6.1.14">
      <include name="jsp-api-2.1-6.1.14.jar"/>
    </fileset>
    <property name="org.mortbay.jetty:servlet-api-2.5:jar" value="/home/pgaref/.m2/repository/org/mortbay/jetty/servlet-api-2.5/6.1.14/servlet-api-2.5-6.1.14.jar"/>
    <fileset id="org.mortbay.jetty:servlet-api-2.5:jar" dir="/home/pgaref/.m2/repository/org/mortbay/jetty/servlet-api-2.5/6.1.14">
      <include name="servlet-api-2.5-6.1.14.jar"/>
    </fileset>
    <property name="org.mortbay.jetty:jsp-2.1:jar" value="/home/pgaref/.m2/repository/org/mortbay/jetty/jsp-2.1/6.1.14/jsp-2.1-6.1.14.jar"/>
    <fileset id="org.mortbay.jetty:jsp-2.1:jar" dir="/home/pgaref/.m2/repository/org/mortbay/jetty/jsp-2.1/6.1.14">
      <include name="jsp-2.1-6.1.14.jar"/>
    </fileset>
    <property name="org.eclipse.jdt:core:jar" value="/home/pgaref/.m2/repository/org/eclipse/jdt/core/3.1.1/core-3.1.1.jar"/>
    <fileset id="org.eclipse.jdt:core:jar" dir="/home/pgaref/.m2/repository/org/eclipse/jdt/core/3.1.1">
      <include name="core-3.1.1.jar"/>
    </fileset>
    <property name="ant:ant:jar" value="/home/pgaref/.m2/repository/ant/ant/1.6.5/ant-1.6.5.jar"/>
    <fileset id="ant:ant:jar" dir="/home/pgaref/.m2/repository/ant/ant/1.6.5">
      <include name="ant-1.6.5.jar"/>
    </fileset>
    <property name="commons-el:commons-el:jar" value="/home/pgaref/.m2/repository/commons-el/commons-el/1.0/commons-el-1.0.jar"/>
    <fileset id="commons-el:commons-el:jar" dir="/home/pgaref/.m2/repository/commons-el/commons-el/1.0">
      <include name="commons-el-1.0.jar"/>
    </fileset>
    <property name="net.java.dev.jets3t:jets3t:jar" value="/home/pgaref/.m2/repository/net/java/dev/jets3t/jets3t/0.7.1/jets3t-0.7.1.jar"/>
    <fileset id="net.java.dev.jets3t:jets3t:jar" dir="/home/pgaref/.m2/repository/net/java/dev/jets3t/jets3t/0.7.1">
      <include name="jets3t-0.7.1.jar"/>
    </fileset>
    <property name="net.sf.kosmosfs:kfs:jar" value="/home/pgaref/.m2/repository/net/sf/kosmosfs/kfs/0.3/kfs-0.3.jar"/>
    <fileset id="net.sf.kosmosfs:kfs:jar" dir="/home/pgaref/.m2/repository/net/sf/kosmosfs/kfs/0.3">
      <include name="kfs-0.3.jar"/>
    </fileset>
    <property name="hsqldb:hsqldb:jar" value="/home/pgaref/.m2/repository/hsqldb/hsqldb/1.8.0.10/hsqldb-1.8.0.10.jar"/>
    <fileset id="hsqldb:hsqldb:jar" dir="/home/pgaref/.m2/repository/hsqldb/hsqldb/1.8.0.10">
      <include name="hsqldb-1.8.0.10.jar"/>
    </fileset>
    <property name="org.codehaus.jackson:jackson-mapper-asl:jar" value="/home/pgaref/.m2/repository/org/codehaus/jackson/jackson-mapper-asl/1.0.1/jackson-mapper-asl-1.0.1.jar"/>
    <fileset id="org.codehaus.jackson:jackson-mapper-asl:jar" dir="/home/pgaref/.m2/repository/org/codehaus/jackson/jackson-mapper-asl/1.0.1">
      <include name="jackson-mapper-asl-1.0.1.jar"/>
    </fileset>
    <property name="org.codehaus.jackson:jackson-core-asl:jar" value="/home/pgaref/.m2/repository/org/codehaus/jackson/jackson-core-asl/1.0.1/jackson-core-asl-1.0.1.jar"/>
    <fileset id="org.codehaus.jackson:jackson-core-asl:jar" dir="/home/pgaref/.m2/repository/org/codehaus/jackson/jackson-core-asl/1.0.1">
      <include name="jackson-core-asl-1.0.1.jar"/>
    </fileset>
    <property name="org.apache.pig:pig:jar" value="/home/pgaref/.m2/repository/org/apache/pig/pig/0.10.0/pig-0.10.0.jar"/>
    <fileset id="org.apache.pig:pig:jar" dir="/home/pgaref/.m2/repository/org/apache/pig/pig/0.10.0">
      <include name="pig-0.10.0.jar"/>
    </fileset>
    <property name="org.apache.hadoop:avro:jar" value="/home/pgaref/.m2/repository/org/apache/hadoop/avro/1.3.2/avro-1.3.2.jar"/>
    <fileset id="org.apache.hadoop:avro:jar" dir="/home/pgaref/.m2/repository/org/apache/hadoop/avro/1.3.2">
      <include name="avro-1.3.2.jar"/>
    </fileset>
    <property name="org.slf4j:slf4j-api:jar" value="/home/pgaref/.m2/repository/org/slf4j/slf4j-api/1.5.11/slf4j-api-1.5.11.jar"/>
    <fileset id="org.slf4j:slf4j-api:jar" dir="/home/pgaref/.m2/repository/org/slf4j/slf4j-api/1.5.11">
      <include name="slf4j-api-1.5.11.jar"/>
    </fileset>
    <property name="com.thoughtworks.paranamer:paranamer:jar" value="/home/pgaref/.m2/repository/com/thoughtworks/paranamer/paranamer/2.2/paranamer-2.2.jar"/>
    <fileset id="com.thoughtworks.paranamer:paranamer:jar" dir="/home/pgaref/.m2/repository/com/thoughtworks/paranamer/paranamer/2.2">
      <include name="paranamer-2.2.jar"/>
    </fileset>
    <property name="com.thoughtworks.paranamer:paranamer-ant:jar" value="/home/pgaref/.m2/repository/com/thoughtworks/paranamer/paranamer-ant/2.2/paranamer-ant-2.2.jar"/>
    <fileset id="com.thoughtworks.paranamer:paranamer-ant:jar" dir="/home/pgaref/.m2/repository/com/thoughtworks/paranamer/paranamer-ant/2.2">
      <include name="paranamer-ant-2.2.jar"/>
    </fileset>
    <property name="com.thoughtworks.paranamer:paranamer-generator:jar" value="/home/pgaref/.m2/repository/com/thoughtworks/paranamer/paranamer-generator/2.2/paranamer-generator-2.2.jar"/>
    <fileset id="com.thoughtworks.paranamer:paranamer-generator:jar" dir="/home/pgaref/.m2/repository/com/thoughtworks/paranamer/paranamer-generator/2.2">
      <include name="paranamer-generator-2.2.jar"/>
    </fileset>
    <property name="com.thoughtworks.qdox:qdox:jar" value="/home/pgaref/.m2/repository/com/thoughtworks/qdox/qdox/1.10.1/qdox-1.10.1.jar"/>
    <fileset id="com.thoughtworks.qdox:qdox:jar" dir="/home/pgaref/.m2/repository/com/thoughtworks/qdox/qdox/1.10.1">
      <include name="qdox-1.10.1.jar"/>
    </fileset>
    <property name="asm:asm:jar" value="/home/pgaref/.m2/repository/asm/asm/3.2/asm-3.2.jar"/>
    <fileset id="asm:asm:jar" dir="/home/pgaref/.m2/repository/asm/asm/3.2">
      <include name="asm-3.2.jar"/>
    </fileset>
    <property name="net.java.dev.jna:jna:jar" value="/home/pgaref/.m2/repository/net/java/dev/jna/jna/3.2.7/jna-3.2.7.jar"/>
    <fileset id="net.java.dev.jna:jna:jar" dir="/home/pgaref/.m2/repository/net/java/dev/jna/jna/3.2.7">
      <include name="jna-3.2.7.jar"/>
    </fileset>
    <property name="com.google.code.findbugs:jsr305:jar" value="/home/pgaref/.m2/repository/com/google/code/findbugs/jsr305/2.0.1/jsr305-2.0.1.jar"/>
    <fileset id="com.google.code.findbugs:jsr305:jar" dir="/home/pgaref/.m2/repository/com/google/code/findbugs/jsr305/2.0.1">
      <include name="jsr305-2.0.1.jar"/>
    </fileset>
    <fileset id="build-dependency-jars" dir="/home/pgaref/.m2/repository">
      <include name="ant/ant/1.6.5/ant-1.6.5.jar"/>
      <include name="asm/asm/3.2/asm-3.2.jar"/>
      <include name="com/google/code/findbugs/jsr305/2.0.1/jsr305-2.0.1.jar"/>
      <include name="com/thoughtworks/paranamer/paranamer-ant/2.2/paranamer-ant-2.2.jar"/>
      <include name="com/thoughtworks/paranamer/paranamer-generator/2.2/paranamer-generator-2.2.jar"/>
      <include name="com/thoughtworks/paranamer/paranamer/2.2/paranamer-2.2.jar"/>
      <include name="com/thoughtworks/qdox/qdox/1.10.1/qdox-1.10.1.jar"/>
      <include name="commons-beanutils/commons-beanutils-core/1.8.0/commons-beanutils-core-1.8.0.jar"/>
      <include name="commons-beanutils/commons-beanutils/1.7.0/commons-beanutils-1.7.0.jar"/>
      <include name="commons-cli/commons-cli/1.2/commons-cli-1.2.jar"/>
      <include name="commons-codec/commons-codec/1.4/commons-codec-1.4.jar"/>
      <include name="commons-collections/commons-collections/3.2.1/commons-collections-3.2.1.jar"/>
      <include name="commons-configuration/commons-configuration/1.6/commons-configuration-1.6.jar"/>
      <include name="commons-digester/commons-digester/1.8/commons-digester-1.8.jar"/>
      <include name="commons-el/commons-el/1.0/commons-el-1.0.jar"/>
      <include name="commons-httpclient/commons-httpclient/3.0.1/commons-httpclient-3.0.1.jar"/>
      <include name="commons-io/commons-io/2.2/commons-io-2.2.jar"/>
      <include name="commons-lang/commons-lang/2.4/commons-lang-2.4.jar"/>
      <include name="commons-logging/commons-logging/1.1.1/commons-logging-1.1.1.jar"/>
      <include name="commons-net/commons-net/1.4.1/commons-net-1.4.1.jar"/>
      <include name="hsqldb/hsqldb/1.8.0.10/hsqldb-1.8.0.10.jar"/>
      <include name="junit/junit/4.6/junit-4.6.jar"/>
      <include name="net/java/dev/jets3t/jets3t/0.7.1/jets3t-0.7.1.jar"/>
      <include name="net/java/dev/jna/jna/3.2.7/jna-3.2.7.jar"/>
      <include name="net/sf/kosmosfs/kfs/0.3/kfs-0.3.jar"/>
      <include name="org/apache/commons/commons-compress/1.5/commons-compress-1.5.jar"/>
      <include name="org/apache/commons/commons-math/2.1/commons-math-2.1.jar"/>
      <include name="org/apache/hadoop/avro/1.3.2/avro-1.3.2.jar"/>
      <include name="org/apache/hadoop/hadoop-core/1.0.3/hadoop-core-1.0.3.jar"/>
      <include name="org/apache/pig/pig/0.10.0/pig-0.10.0.jar"/>
      <include name="org/apache/rat/apache-rat-core/0.10/apache-rat-core-0.10.jar"/>
      <include name="org/apache/rat/apache-rat-tasks/0.10/apache-rat-tasks-0.10.jar"/>
      <include name="org/apache/rat/apache-rat/0.10/apache-rat-0.10.jar"/>
      <include name="org/codehaus/jackson/jackson-core-asl/1.0.1/jackson-core-asl-1.0.1.jar"/>
      <include name="org/codehaus/jackson/jackson-mapper-asl/1.0.1/jackson-mapper-asl-1.0.1.jar"/>
      <include name="org/eclipse/jdt/core/3.1.1/core-3.1.1.jar"/>
      <include name="org/mortbay/jetty/jetty-util/6.1.26/jetty-util-6.1.26.jar"/>
      <include name="org/mortbay/jetty/jetty/6.1.26/jetty-6.1.26.jar"/>
      <include name="org/mortbay/jetty/jsp-2.1/6.1.14/jsp-2.1-6.1.14.jar"/>
      <include name="org/mortbay/jetty/jsp-api-2.1/6.1.14/jsp-api-2.1-6.1.14.jar"/>
      <include name="org/mortbay/jetty/servlet-api-2.5/6.1.14/servlet-api-2.5-6.1.14.jar"/>
      <include name="org/slf4j/slf4j-api/1.5.11/slf4j-api-1.5.11.jar"/>
      <include name="oro/oro/2.0.8/oro-2.0.8.jar"/>
      <include name="tomcat/jasper-compiler/5.5.12/jasper-compiler-5.5.12.jar"/>
      <include name="tomcat/jasper-runtime/5.5.12/jasper-runtime-5.5.12.jar"/>
      <include name="xmlenc/xmlenc/0.52/xmlenc-0.52.jar"/>
    </fileset>
    <fileset id="build-dependency-sources" dir="/home/pgaref/.m2/repository">
      <include name="ant/ant/1.6.5/ant-1.6.5-sources.jar"/>
      <include name="com/thoughtworks/paranamer/paranamer-ant/2.2/paranamer-ant-2.2-sources.jar"/>
      <include name="com/thoughtworks/paranamer/paranamer-generator/2.2/paranamer-generator-2.2-sources.jar"/>
      <include name="com/thoughtworks/paranamer/paranamer/2.2/paranamer-2.2-sources.jar"/>
      <include name="com/thoughtworks/qdox/qdox/1.10.1/qdox-1.10.1-sources.jar"/>
      <include name="commons-beanutils/commons-beanutils/1.7.0/commons-beanutils-1.7.0-sources.jar"/>
      <include name="commons-cli/commons-cli/1.2/commons-cli-1.2-sources.jar"/>
      <include name="commons-codec/commons-codec/1.4/commons-codec-1.4-sources.jar"/>
      <include name="commons-collections/commons-collections/3.2.1/commons-collections-3.2.1-sources.jar"/>
      <include name="commons-configuration/commons-configuration/1.6/commons-configuration-1.6-sources.jar"/>
      <include name="commons-digester/commons-digester/1.8/commons-digester-1.8-sources.jar"/>
      <include name="commons-el/commons-el/1.0/commons-el-1.0-sources.jar"/>
      <include name="commons-httpclient/commons-httpclient/3.0.1/commons-httpclient-3.0.1-sources.jar"/>
      <include name="commons-io/commons-io/2.2/commons-io-2.2-sources.jar"/>
      <include name="commons-lang/commons-lang/2.4/commons-lang-2.4-sources.jar"/>
      <include name="commons-logging/commons-logging/1.1.1/commons-logging-1.1.1-sources.jar"/>
      <include name="commons-net/commons-net/1.4.1/commons-net-1.4.1-sources.jar"/>
      <include name="junit/junit/4.6/junit-4.6-sources.jar"/>
      <include name="net/java/dev/jets3t/jets3t/0.7.1/jets3t-0.7.1-sources.jar"/>
      <include name="net/java/dev/jna/jna/3.2.7/jna-3.2.7-sources.jar"/>
      <include name="org/apache/commons/commons-compress/1.5/commons-compress-1.5-sources.jar"/>
      <include name="org/apache/commons/commons-math/2.1/commons-math-2.1-sources.jar"/>
      <include name="org/apache/hadoop/avro/1.3.2/avro-1.3.2-sources.jar"/>
      <include name="org/apache/pig/pig/0.10.0/pig-0.10.0-sources.jar"/>
      <include name="org/apache/rat/apache-rat-core/0.10/apache-rat-core-0.10-sources.jar"/>
      <include name="org/apache/rat/apache-rat-tasks/0.10/apache-rat-tasks-0.10-sources.jar"/>
      <include name="org/codehaus/jackson/jackson-core-asl/1.0.1/jackson-core-asl-1.0.1-sources.jar"/>
      <include name="org/codehaus/jackson/jackson-mapper-asl/1.0.1/jackson-mapper-asl-1.0.1-sources.jar"/>
      <include name="org/mortbay/jetty/jetty-util/6.1.26/jetty-util-6.1.26-sources.jar"/>
      <include name="org/mortbay/jetty/jetty/6.1.26/jetty-6.1.26-sources.jar"/>
      <include name="org/mortbay/jetty/jsp-2.1/6.1.14/jsp-2.1-6.1.14-sources.jar"/>
      <include name="org/mortbay/jetty/jsp-api-2.1/6.1.14/jsp-api-2.1-6.1.14-sources.jar"/>
      <include name="org/mortbay/jetty/servlet-api-2.5/6.1.14/servlet-api-2.5-6.1.14-sources.jar"/>
      <include name="org/slf4j/slf4j-api/1.5.11/slf4j-api-1.5.11-sources.jar"/>
      <include name="oro/oro/2.0.8/oro-2.0.8-sources.jar"/>
    </fileset>
  </target>
</project>
